<?xml version="1.0" encoding="UTF-8"?>
<project-private xmlns="http://www.netbeans.org/ns/project-private/1">
    <editor-bookmarks xmlns="http://www.netbeans.org/ns/editor-bookmarks/2" lastBookmarkId="0"/>
    <open-files xmlns="http://www.netbeans.org/ns/projectui-open-files/2">
        <group>
            <file>file:/C:/Senac/curso%20ds/exercicios/uc6/Atividade2/src/atividade2/PacoteViagem.java</file>
            <file>file:/C:/Senac/curso%20ds/exercicios/uc6/Atividade2/src/atividade2/Transporte.java</file>
            <file>file:/C:/Senac/curso%20ds/exercicios/uc6/Atividade2/src/atividade2/Hospedagem.java</file>
            <file>file:/C:/Senac/curso%20ds/exercicios/uc6/Atividade2/src/atividade2/Atividade02.java</file>
            <file>file:/C:/Senac/curso%20ds/exercicios/uc6/Atividade2/src/atividade2/Venda.java</file>
        </group>
    </open-files>
</project-private>
