<?xml version="1.0" encoding="UTF-8"?>
<project-private xmlns="http://www.netbeans.org/ns/project-private/1">
    <editor-bookmarks xmlns="http://www.netbeans.org/ns/editor-bookmarks/2" lastBookmarkId="0"/>
    <open-files xmlns="http://www.netbeans.org/ns/projectui-open-files/2">
        <group>
            <file>file:/C:/Senac/curso%20ds/exercicios/uc6/Atividade5/src/atividade3/Horistas.java</file>
            <file>file:/C:/Senac/curso%20ds/exercicios/uc6/Atividade5/src/atividade3/Ativ3.java</file>
            <file>file:/C:/Senac/curso%20ds/exercicios/uc6/Atividade5/src/atividade3/Funcionarios.java</file>
            <file>file:/C:/Senac/curso%20ds/exercicios/uc6/Atividade5/src/atividade3/Assalariados.java</file>
        </group>
    </open-files>
</project-private>
